candidate_id,predownload_status,predownload_score,predownload_reasons,direct_repository_signal,explicit_file_signal,publication_doi_signal,human_clinical_health_signal,participant_signal,open_license_signal,restriction_signal_strict,active_expansion_doi_match,original_paper_doi_match,title,publisher,repository_client,doi,url,publication_year,formats,rights_license_short,related_publications_short,description_short
RCTC-02120,Download first,12,direct/open repository client; explicit file/tabular signal; publication DOI signal; human clinical/health signal; participant/treatment-arm signal; open license signal,yes,yes,yes,yes,yes,yes,no,,,Replication Data for: Quality of Life Assessment and Practice Support System Project,Borealis,ocul.spdv,10.5683/sp3/a4jg2r,https://borealisdata.ca/citation?persistentId=doi:10.5683/SP3/A4JG2R,2024,application/octet-stream; text/x-fixed-field; application/pdf; application/octet-stream; application/octet-stream; application/octet-stream; application/octet-stream; application/octet-stream; text/tab-separated-values; application/octet-stream; application/octet-stream; application/octet-stream,Creative Commons Attribution 4.0 International cc-by-4.0 https://creativecommons.org/licenses/by/4.0/legalcode | info:eu-repo/semantics/openAccess,"Dataverse publication:QPSS project website: Quality of Life Assessments for Older Adults and Family Caregivers https://www.healthyqol.com/older-adults | Dataverse publication:Sawatzky, R., Schick-Makaroff, K., Ratner, P., Kwon, J-Y., Whitehurst, D., Öhlén, J., Maybee, A., Stajduhar, K., Zetes-Zanatta, L., Cohen, S.R. (2025). Did a digital quality of life (QOL) assessment and practice support system in home health care improve the QOL of older adults living with life-limiting conditions and of...","Quantitative data for a pragmatic randomized controlled trial to test the hypothesis of whether access to a quality of life assessment and practice support system in home health care would result in improved QOL for patients and/or their family caregivers. See related publication for details. | The project website (https://www.healthyqol.com/older-adults) provides related resources on QOL assessments for older adults living with frailty, and their family caregivers. Research ethics approval for the study was provided by the Trinity Western University Research Ethics Board (#15F15)."
RCTC-02392,Download first,12,direct/open repository client; explicit file/tabular signal; publication DOI signal; human clinical/health signal; participant/treatment-arm signal; open license signal,yes,yes,yes,yes,yes,yes,no,,,Investigating Rewards and Deposit Contract Financial Incentives for Physical Activity Behavior Change Using a Smartphone App: Randomized Controlled Trial,DataverseNL,dans.dataversenl,10.34894/g3koyt,https://dataverse.nl/citation?persistentId=doi:10.34894/G3KOYT,2025,application/zip; application/zip; text/plain; application/zip; application/zip; application/zip; application/zip; application/zip; application/zip,Creative Commons Attribution 4.0 International cc-by-4.0 https://creativecommons.org/licenses/by/4.0/legalcode | info:eu-repo/semantics/openAccess,"Dataverse publication:Buisonjé D.R. de, Reijnders T.R., Cohen Rodrigues T.R., Prabhakaran S., Kowatsch T., Lipman S.A., Bijmolt T.H.A., Breeman L.D., Janssen V.R., Kraaijenhagen R.A., Kemps H.M.C. & Evers A.W.M. (2022). Investigating rewards and deposit contract financial incentives for physical activity behavior change using a smartphone app: randomized controlled trial, Journal of Medical Internet Research 24(10): e38339. https://www.jmir.org/2022/10/e38339/ | IsSupplementTo:DOI:10.2196/38339","Dataset contains survey data and intervention data of healthy adults who used a smartphone app to set goals, improve their daily step counts, and received financial incentives"
RCTC-01905,Download first,12,direct/open repository client; explicit file/tabular signal; publication DOI signal; human clinical/health signal; participant/treatment-arm signal; open license signal,yes,yes,yes,yes,yes,yes,no,,,Safety and efficacy of remote ischemic postconditioning after thrombolysis in patients with stroke,Dryad,dryad.dryad,10.5061/dryad.zw3r2286c,https://datadryad.org/dataset/doi:10.5061/dryad.zw3r2286c,2022,,Creative Commons Zero v1.0 Universal cc0-1.0 https://creativecommons.org/publicdomain/zero/1.0/legalcode,IsCitedBy:DOI:10.1212/wnl.0000000000010884,"Objective: To determine the effect of remote ischemic post-conditioning (RIPC) on acute ischemic stroke (AIS) patients undergoing intravenous thrombolysis (IVT). Methods: A single-center, randomized controlled trial was performed with AIS patients receiving IVT. Patients in the RIPC group were administered RIPC treatment (after IVT) during hospitalization. The primary endpoint was a score of 0 or 1 on the modified Rankin scale (mRS) at day 90. The safety, tolerability and neuroprotection biomarkers associated with RIPC were also examined. Results: We collected data from both RIPC (n=34) and controls (n=34). The average duration of hospitalization was 11.2 days. There was no significant difference between the two groups at admission for the NIHSS score (p=0.364) or occur to treatment time (p=0.889). An excellent recovery (mRS 0–1) at 3 months was obtained in 71.9% of the patients in th..."
RCTC-01479,Download first,12,direct/open repository client; explicit file/tabular signal; publication DOI signal; human clinical/health signal; participant/treatment-arm signal; open license signal,yes,yes,yes,yes,yes,yes,no,,,2IUDnCT Clinical Trial Data (NCT01721798),Harvard Dataverse,gdcc.harvard-dv,10.7910/dvn/ntn7ky,https://dataverse.harvard.edu/citation?persistentId=doi:10.7910/DVN/NTN7KY,2020,text/tab-separated-values; text/tab-separated-values,Creative Commons Zero v1.0 Universal cc0-1.0 https://creativecommons.org/publicdomain/zero/1.0/legalcode | info:eu-repo/semantics/openAccess,Dataverse publication:Pending,"Database for analysis presented in forthcoming publication ""Safety and continued use of the levonorgestrel intrauterine system as compared with the copper intrauterine device among women living with HIV in South Africa: a randomized controlled trial"" in PLoS Medicine. Briefly, in this double-masked, randomized controlled non-inferiority trial, eligible WLHIV were: ages 18–40, not pregnant or desiring pregnancy within 30 months, screened and treated for reproductive tract infections (RTIs) within one month of enrollment, and virologically-suppressed using ART or above treatment threshold at enrollment (non-ART). Between October, 2013, and December, 2016, we randomized consenting women within ART groups, using 1:1 permuted block randomization stratified by ART use, age (18–23, 24–31, 32–40), and recent injectable progestin contraceptive exposure, and provided the allocated IUC. At all v..."
RCTC-01467,Download first,12,direct/open repository client; explicit file/tabular signal; publication DOI signal; human clinical/health signal; participant/treatment-arm signal; open license signal,yes,yes,yes,yes,yes,yes,no,,,MPYA (Monitoring PrEP in Young Adult women) Study,Harvard Dataverse,gdcc.harvard-dv,10.7910/dvn/ppqksw,https://dataverse.harvard.edu/citation?persistentId=doi:10.7910/DVN/PPQKSW,2023,text/tab-separated-values; application/vnd.openxmlformats-officedocument.spreadsheetml.sheet; application/pdf; application/pdf; application/x-stata-syntax; application/msword; application/pdf; application/vnd.openxmlformats-officedocument.spreadsheetml.sheet; text/tab-separated-values; text/tab-separated-values; application/vnd.openxmlformats-officedocument.spreadsheetml.sheet; application/pdf; application/pdf; application/vnd.openxmlformats-officedocument.spreadsheetml.sheet; application/pdf; application/vnd.openxmlformats-officedocument.spreadsheetml.sheet; application/vnd.openxmlformats-officedocument.spreadsheetml.sheet; application/vnd.openxmlformats-officedocument.wordprocessingml.document,Creative Commons Zero v1.0 Universal cc0-1.0 https://creativecommons.org/publicdomain/zero/1.0/legalcode | info:eu-repo/semantics/openAccess,IsSupplementTo:DOI:10.1016/s2352-3018(20)30307-6,"The MPYA Study was a randomized controlled trial of SMS reminders to support adherence to oral HIV pre-exposure prophylaxis (emtricitabine/tenofovir) among 348 young women (18-24 years of age) in Thika and Kisumu, Kenya. Participants were seen quarterly for up to two years. Adherence was monitored electronically and a detailed demographic and socio-behavioral data were collected."
RCTC-05031,Download first,12,direct/open repository client; explicit file/tabular signal; publication DOI signal; human clinical/health signal; participant/treatment-arm signal; open license signal,yes,yes,yes,yes,yes,yes,no,,,Replication Data for PredictTB Early Treatment Completion Criteria,Harvard Dataverse,gdcc.harvard-dv,10.7910/dvn/97hyq5,https://dataverse.harvard.edu/citation?persistentId=doi:10.7910/DVN/97HYQ5,2020,text/tab-separated-values,info:eu-repo/semantics/openAccess | Creative Commons Zero v1.0 Universal cc0-1.0 https://creativecommons.org/publicdomain/zero/1.0/legalcode,IsSupplementTo:PMID:29528048,"Standard treatment of drug-sensitive pulmonary tuberculosis requires six months of treatment. Several randomized clinical trials have attempted to shorten treatment to four months using various strategies but thus far all have failed. The PredictTB trial is an ongoing international randomized clinical trial testing a treatment shortening strategy whereby only drug-sensitive pulmonary TB patients who meet the study early treatment completion criteria are randomized to four vs. six months of treatment. The PredictTB early treatment completion criteria were developed based on a cohort of 92 pulmonary tuberculosis patients treated programmatically through the local tuberculosis treatment program in Cape Town, South Africa, with FDG-PET/CT scans also performed at baseline and week 4 of treatment. Patients were followed for one year after the end of therapy for programmatic treatment outcom..."
RCTC-01535,Download first,12,direct/open repository client; explicit file/tabular signal; publication DOI signal; human clinical/health signal; participant/treatment-arm signal; open license signal,yes,yes,yes,yes,yes,yes,no,,,Replication Data for: Aprepitant Nausea and Vomiting LSG,Harvard Dataverse,gdcc.harvard-dv,10.7910/dvn/cf2lgp,https://dataverse.harvard.edu/citation?persistentId=doi:10.7910/DVN/CF2LGP,2024,application/vnd.openxmlformats-officedocument.spreadsheetml.sheet,Creative Commons Zero v1.0 Universal cc0-1.0 https://creativecommons.org/publicdomain/zero/1.0/legalcode | info:eu-repo/semantics/openAccess,"Dataverse publication:Ortiz, E., González, A.I., Jaime, V. et al. The impact of Aprepitant on Nausea and Vomiting following Laparoscopic Sleeve Gastrectomy: A Blinded Randomized Controlled Trial. OBES SURG 34, 1316–1323 (2024). https://doi.org/10.1007/s11695-024-07129-0 https://doi.org/10.1007/s11695-024-07129-0 | IsSupplementTo:DOI:10.1007/s11695-024-07129-0 | mentioned DOI:10.1007/s11695-024-07129-0","n this double-blind, randomized controlled trial, the case group received the standard care regimen for PONV (dexamethasone 10 mg, ondansetron 4 mg, and metoclopramide 10 mg) plus prophylactic oral aprepitant 80 mg 1 h pre- operatively. The control group received standard care plus a placebo. Comparative analyses using the Rhodes index were performed at 0, 6, 12, and 24 h postoperatively. | This database was used for the related study and contains data without personal identification of the patients, protecting their identity."
RCTC-01411,Download first,12,direct/open repository client; explicit file/tabular signal; publication DOI signal; human clinical/health signal; participant/treatment-arm signal; open license signal,yes,yes,yes,yes,yes,yes,no,,,Replication Data for: Effect of Tocovid – a Tocotrienol-rich Vitamin E - in Mitigating Post-Operative Atrial Fibrillation (POAF) after Coronary Artery Bypass Grafting (CABG) Surgery: A Double-blind Randomized Controlled trial.,Harvard Dataverse,gdcc.harvard-dv,10.7910/dvn/xgdwg5,https://dataverse.harvard.edu/citation?persistentId=doi:10.7910/DVN/XGDWG5,2022,application/pdf; text/tab-separated-values; application/pdf; text/tab-separated-values; text/tab-separated-values; application/pdf; application/pdf; text/tab-separated-values; text/tab-separated-values; text/tab-separated-values; application/pdf; application/pdf; application/pdf; application/pdf; text/tab-separated-values; text/tab-separated-values,Creative Commons Zero v1.0 Universal cc0-1.0 https://creativecommons.org/publicdomain/zero/1.0/legalcode | info:eu-repo/semantics/openAccess,Dataverse publication:Incidence and Outcomes of Postoperative Atrial Fibrillation after Coronary Artery Bypass Grafting of a Randomized Controlled Trial: A Blinded End-of-cycle Analysis https://www.imrpress.com/journal/RCM/23/4/10.31083/j.rcm2304122 | IsSupplementTo:URL:/journal/RCM/23/4/10.31083/j.rcm2304122 | mentioned DOI:10.31083/j.rcm2304122,"This study, which takes three years to complete, basically looks at Tocovid which is a tocotrienol-rich Vitamin E as a potent source of anti-oxidant and anti-inflammatory to prevent postoperative atrial fibrillation with a secondary outcome in reducing the hospital stay and improving the quality of life of patients."
RCTC-01501,Download first,12,direct/open repository client; explicit file/tabular signal; publication DOI signal; human clinical/health signal; participant/treatment-arm signal; open license signal,yes,yes,yes,yes,yes,yes,no,,,"Replication data for ""Randomized comparative effectiveness trial of 2 federally recommended strategies to reduce excess body fat in overweight, low-income patients: MyPlate.gov vs calorie counting""",Harvard Dataverse,gdcc.harvard-dv,10.7910/dvn/jo6og9,https://dataverse.harvard.edu/citation?persistentId=doi:10.7910/DVN/JO6OG9,2023,text/tab-separated-values; text/tab-separated-values; text/plain; text/plain,Creative Commons Zero v1.0 Universal cc0-1.0 https://creativecommons.org/publicdomain/zero/1.0/legalcode | info:eu-repo/semantics/openAccess,"Dataverse publication:Randomized comparative effectiveness trial of 2 federally recommended strategies to reduce excess body fat in overweight, low-income patients: MyPlate.gov vs calorie counting. Annals of Family Medicine. 2023;20 (3):1-7. https://doi.org/10.1370/afm.2964 | mentioned DOI:10.1370/afm.2964","Anthropometric measures obtained from 261 baseline participants who were also assessed at 6 and 12 months follow-up. | We conducted a randomized controlled trial comparing the calorie counting (CC) and MyPlate approached from 2015 to 2017. The adult participants were overweight, low income and mostly Hispanic (N = 261 at baseline). For both approaches, community health workers conducted 2 home education visits, 2 group education sessions, and 7 telephone coaching calls over a period of 6 months. Satiation and satiety were the primary patient-centered outcome measures. Waist circumference and body weight were the primary anthropometric measures. Measures were assessed at baseline, 6 months, and 12 months."
RCTC-01824,Download first,12,direct/open repository client; explicit file/tabular signal; publication DOI signal; human clinical/health signal; participant/treatment-arm signal; open license signal,yes,yes,yes,yes,yes,yes,no,,,Immersive virtual reality exposure for reducing preoperative anxiety in children - Clinical trial data,Mendeley Data,bl.mendeley,10.17632/psxdxfw37t.1,https://data.mendeley.com/datasets/psxdxfw37t/1,2026,,Creative Commons Attribution 4.0 International cc-by-4.0 https://creativecommons.org/licenses/by/4.0/legalcode | info:eu-repo/semantics/openAccess,,"This dataset contains the clinical trial data reported in the manuscript ""Immersive virtual reality exposure for reducing preoperative anxiety in children - a randomized controlled trial"" by Kwok et al. The data captures both demographic information and assessment outcomes for paediatric participants. - Study Design - The detailed study design is presented in the manuscript. - Folder Structure and File Organisation - The dataset is organized into a hierarchical directory structure based on the study groups. The Root directory contains two main subfolders: (1) Root > VR: Contains data for participants allocated to the VR group (N=34). (2) Root > control: Contains data for participants allocated to the control group (N=38). Each subfolder (VR and control) contains two Comma-Separated Values (CSV) files: (i) Demographic Data (VR_demographics.csv or control_demographics.csv) - This file c..."
RCTC-01034,Download first,12,direct/open repository client; explicit file/tabular signal; publication DOI signal; human clinical/health signal; participant/treatment-arm signal; open license signal,yes,yes,yes,yes,yes,yes,no,,,"Dataset for ""Effect of plain versus sugar-sweetened breakfast on energy balance and metabolic health: A randomised crossover trial""",University of Bath,bl.bath,10.15125/bath-00720,https://researchdata.bath.ac.uk/id/eprint/720,2020,Breakfast dataset_to publish_v2.xlsx = application/vnd.openxmlformats-officedocument.spreadsheetml.sheet,Creative Commons Attribution 4.0 International cc-by-4.0 https://creativecommons.org/licenses/by/4.0/legalcode,IsReferencedBy:DOI:https://doi.org/10.1002/oby.22757 | IsReferencedBy:DOI:https://doi.org/10.31232/osf.io/68h3x,"The dataset contains data for the study investigating the effect of 3-weeks high (SWEET) versus low (PLAIN) sugar breakfast on energy balance, metabolic health, and appetite. 29 healthy adults (22 women) completed this randomised crossover study. Participants had pre- and post-intervention appetite, health and body mass outcomes measured, and recorded diet, appetite (visual analogue scales) and physical activity for 8 days during each intervention. Interventions were 3-weeks iso-energetic SWEET (30% by weight added sugar; average 32g sugar) versus PLAIN (no added sugar; average 8g sugar) porridge-based breakfast. The main finding from the data is that energy balance, health markers, and appetite did not respond differently to 3-weeks of high or low sugar breakfasts. | This was a randomised crossover study whereby participants were given a plain porridge versus a 30 % by weight sugar s..."
RCTC-00485,Download first,12,direct/open repository client; explicit file/tabular signal; publication DOI signal; human clinical/health signal; participant/treatment-arm signal; open license signal,yes,yes,yes,yes,yes,yes,no,,,"Dataset for ""Effects of a Web-Based, Evolutionary Mismatch-Framed Intervention Targeting Physical Activity and Diet: a Randomised Controlled Trial""",University of Bath,bl.bath,10.15125/bath-01245,https://researchdata.bath.ac.uk/id/eprint/1245,2023,Evolife trial dataset.xlsx = application/vnd.openxmlformats-officedocument.spreadsheetml.sheet,Creative Commons Attribution 4.0 International cc-by-4.0 https://creativecommons.org/licenses/by/4.0/legalcode,IsReferencedBy:DOI:https://doi.org/10.1007/s12529-019-09821-3 | IsReferencedBy:URL:https://researchportal.bath.ac.uk/en/studentTheses/using-evolutionary-theory-to-support-lifestyle-change-and-improve,"This dataset contains participant demographic, physical activity, dietary intake, health marker and cognitive determinants of behaviour data in connection with a trial of an intervention to promote physical activity and healthy eating. Both control and intervention group participants are included and data is provided for each of the three assessment points: baseline, 6 weeks (mid-trial) and 12-weeks (end of trial). | The methodology can be found in the associated article."
RCTC-01035,Download first,12,direct/open repository client; explicit file/tabular signal; publication DOI signal; human clinical/health signal; participant/treatment-arm signal; open license signal,yes,yes,yes,yes,yes,yes,no,,,"Dataset for ""Hydration status affects thirst and salt preference but not energy intake or postprandial ghrelin in healthy adults: A randomised control trial""",University of Bath,bl.bath,10.15125/bath-00719,https://researchdata.bath.ac.uk/id/eprint/719,2019,Dataset_appetite - to publish.xlsx = application/vnd.openxmlformats-officedocument.spreadsheetml.sheet,Creative Commons Attribution 4.0 International cc-by-4.0 https://creativecommons.org/licenses/by/4.0/legalcode,IsReferencedBy:DOI:https://doi.org/10.1016/j.physbeh.2019.112725 | Cites:DOI:https://doi.org/10.17605/OSF.IO/PTQ7M,"This dataset provides the data collected for a trial investigating the role of hydration status on glycaemic regulation and appetite control in healthy adults (n = 16; n = 8 male). The trial was a randomised crossover trial, with each trial arm lasting 5 days. The first 3 days were lifestyle monitoring, day 4 was a dehydration/rehydration day (including lifestyle monitoring), and day 5 was the full trial day. The trial arms were hypohydrated (HYPO), or rehydrated (RE). The data for the project relating to glycaemia has been previously published (https://doi.org/10.15125/BATH-00547) and may be useful for further analysis of this dataset, which relates to the appetite part of the study. Key hydration biomarkers have been duplicated in this dataset for convenience. | This was a randomised crossover study investigating the role of hydration status on appetite control. Participants underwe..."
RCTC-01036,Download first,12,direct/open repository client; explicit file/tabular signal; publication DOI signal; human clinical/health signal; participant/treatment-arm signal; open license signal,yes,yes,yes,yes,yes,yes,no,,,"Dataset for ""The effect of acute hypohydration on glycemia in healthy adults""",University of Bath,bl.bath,10.15125/bath-00547,https://researchdata.bath.ac.uk/id/eprint/547,2018,Dataset_glycemia - to publish.xlsx = application/vnd.openxmlformats-officedocument.spreadsheetml.sheet; approach to methods.txt = text/plain,Creative Commons Attribution 4.0 International cc-by-4.0 https://creativecommons.org/licenses/by/4.0/legalcode | Creative Commons Attribution 4.0 International cc-by-4.0 https://creativecommons.org/licenses/by/4.0/legalcode,IsDocumentedBy:URL:https://researchdata.bath.ac.uk/547/2/approach%20to%20methods.txt | IsReferencedBy:DOI:https://doi.org/10.1152/japplphysiol.00771.2018 | IsReferencedBy:DOI:https://doi.org/10.1016/j.physbeh.2019.112725 | Cites:DOI:https://doi.org/10.17605/OSF.IO/PTQ7M,"This dataset provides the data collected for a trial investigating the role of hydration status on glycaemic regulation in healthy adults (n = 16; n = 8 male). To our knowledge, the effect of hydration status on glycemia has never been causally investigated in healthy adults. Therefore, the goal was to explore how acute hypohydration impacts blood sugar control in healthy adults. The trial was a randomised crossover trial, with each trial arm lasting 5 days. The first 3 days were lifestyle monitoring, day 4 was a dehydration/rehydration day (including lifestyle monitoring), and day 5 was the full trial day. The trial arms were hypohydrated (HYPO), or rehydrated (RE). | This was a randomised crossover trial in 16 volunteers (n = 8 male). The protocol consisted of a 5 day protocol: - Days 1-3: Weight diet records, wearing physical activity monitor (ActiHeart™), morning urine specific gr..."
RCTC-03815,Download first,12,direct/open repository client; explicit file/tabular signal; publication DOI signal; human clinical/health signal; participant/treatment-arm signal; open license signal,yes,yes,yes,yes,yes,yes,no,,,"Data for Project 'Feasibility, Usability and Acceptance of a Newly Developed Exergame-Based Training Concept for Older Adults with Mild Neurocognitive Disorder - A Pilot Randomized Controlled Trial'",Zenodo,cern.zenodo,10.5281/zenodo.7428377,https://zenodo.org/record/7428377,2022,,Creative Commons Attribution 4.0 International cc-by-4.0 https://creativecommons.org/licenses/by/4.0/legalcode | Open Access info:eu-repo/semantics/openAccess,Documents:DOI:10.3389/fnagi.2021.734012,"Data for Project 'Feasibility, Usability and Acceptance of a Newly Developed Exergame-Based Training Concept for Older Adults with Mild Neurocognitive Disorder - A Pilot Randomized Controlled Trial' (trial registered at clinicaltrials.gov (NCT04996654; date of registration: 11 July 2021), consisting of: (1) the original and complete data set for all primary outcomes ('Data_Primary-Outcomes_Brain-IT-Pilot-Feasibility-RCT_for-publication.xlsx'); (2) the original and complete data set for all secondary outcomes ('Data_Secondary-Outcomes_Brain-IT-Pilot-Feasibility-RCT_for-publication.xlsx'); (3) the original and complete data set for all other outcomes (i.e. baseline factors (demographic data, type of usual care interventions) and training heart rate; 'Data_Other-Outcomes_Brain-IT-Pilot-Feasibility-RCT_for-publication.xlsx'); (4) folder including the raw and processed heart rate variabili..."
RCTC-02158,Download first,12,direct/open repository client; explicit file/tabular signal; publication DOI signal; human clinical/health signal; participant/treatment-arm signal; open license signal,yes,yes,yes,yes,yes,yes,no,,,Dataset & Code: Immediate Effects of DTM in Older Women with CNLBP,Zenodo,cern.zenodo,10.5281/zenodo.17518401,https://zenodo.org/doi/10.5281/zenodo.17518401,2025,,Creative Commons Attribution 4.0 International cc-by-4.0 https://creativecommons.org/licenses/by/4.0/legalcode,,"This record contains the minimal dataset and code underlying the analyses of the randomized controlled trial “Immediate Effects of Deep Tissue Massage on Pain, Flexibility and Activity of Selected Muscles in Older Women with Chronic Non-specific Low Back Pain”. Contents– Minimal dataset (Excel/SPSS): variables for VAS (pre/post), trunk extension (pre/post), and %MVIC for GM, BF, ST, RF, VL, VM (pre/post), plus demographics (Age, Weight, Height, BMI).– Code (MATLAB): rms_block25.m computing block-RMS on ASCII EMG (25-sample windows at 1000 Hz); produces rms.xlsx (windowed RMS matrix, column means, maxima).– SPSS output: Output1.spv reproducing inferential statistics (RM-ANOVA for secondary outcomes; ANCOVA for VAS adjusted for baseline).– Raw EMG sample (2 participants): segmented sit-to-stand trials exported from DataLITE/DataLOG PC Software v10.13 (Biometrics Ltd.) to ASCII and packa..."
RCTC-04054,Download first,12,direct/open repository client; explicit file/tabular signal; publication DOI signal; human clinical/health signal; participant/treatment-arm signal; open license signal,yes,yes,yes,yes,yes,yes,no,,,Dataset accompanying the journal article: Bouldering psychotherapy is not inferior to cognitive behavioural therapy in the group treatment of depression: A randomized controlled trial,Zenodo,cern.zenodo,10.5281/zenodo.5645183,https://zenodo.org/record/5645183,2021,,Creative Commons Attribution 4.0 International cc-by-4.0 https://creativecommons.org/licenses/by/4.0/legalcode | Open Access info:eu-repo/semantics/openAccess,IsPartOf:URL:https://zenodo.org/communities/fau,SPSS-Dataset containing the (not-imputed) raw data for the non-inferiority trial on BPT vs. CBT. All personal data removed. Only data of participants of the CBT or BPT group included. | Research was funded by the Oh Do Kwan‐ foundation Karl Wiedmeier + Ludmilla Pankofer
RCTC-05110,Download first,12,direct/open repository client; explicit file/tabular signal; publication DOI signal; human clinical/health signal; participant/treatment-arm signal; open license signal,yes,yes,yes,yes,yes,yes,no,,,"Dataset associated with ""The effects of VRNT on clinical and neuroimaging outcomes in patients with chronic back pain: a randomized clinical trial""",Zenodo,cern.zenodo,10.5281/zenodo.17715051,https://zenodo.org/doi/10.5281/zenodo.17715051,2026,,Creative Commons Attribution 4.0 International cc-by-4.0 https://creativecommons.org/licenses/by/4.0/legalcode,IsDescribedBy:DOI:10.1097/j.pain.0000000000003198,"Dataset associated with Ceko et al. 2024 PAIN DOI: 10.1097/j.pain.0000000000003198 Clinical outcomes Stored in HEAL_data.xlsx See Tab 1 for variables and coding scheme. See Tabs 2 - 7 for scored variables: participant-level pain intensity, interference, bothersomeness Pain Catastrophizing (PCS) Kinesiophobia (TSK) OLBP, SF-12 PROMIS Neuroimaging outcomes CONN02_age_sex – functional connectivity results Group results, controlled for age and sex, per ROI Subject-level data per ROI TBSS – white matter results Group_age_sex Subject-level FA data: all_FA_skeletonized.nii.gz Subject-level pre vs. post (difference scores) FA data: merged_postpre.nii.gz Pain_age_sex Regression with pain scores (VRNT condition), controlled for age and sex Subject-level data: all_FA_skeletonized.nii.gz Notes on data preprocessing and analysis Behavioral data were analyzed using custom code in MATLAB 2020b. Rest..."
RCTC-05268,Download first,12,direct/open repository client; explicit file/tabular signal; publication DOI signal; human clinical/health signal; participant/treatment-arm signal; open license signal,yes,yes,yes,yes,yes,yes,no,,,VIBRANT Trial primary and secondary outcomes processed data,Zenodo,cern.zenodo,10.5281/zenodo.18201511,https://zenodo.org/doi/10.5281/zenodo.18201511,2026,,Creative Commons Attribution 4.0 International cc-by-4.0 https://creativecommons.org/licenses/by/4.0/legalcode,IsDerivedFrom:DOI:10.5281/zenodo.18044747,"This record contains 2 files 1 .RDS file containing a MultiAssayExperiment object 1 .zip file, which, when unzipped, contained a series of .csv files for each slot, experiment, and assay of the MultiAssayExperiment object contained in the .RDS file These two files contain the processed data generated from samples collected from participants of the VIBRANT trial, and described and analysed in the following manuscript: Potloane, et al., 2025, VIBRANT: Vaginal lIve Biotherapeutic RANdomized Trial: A Phase 1 randomized trial of multi-strain vaginal L. crispatus live biotherapeutic products in people with bacterial vaginosis https://www.medrxiv.org/content/10.1101/2025.09.18.25336053v3"
RCTC-04273,Download first,11,direct/open repository client; explicit file/tabular signal; publication DOI signal; human clinical/health signal; open license signal,yes,yes,yes,yes,no,yes,no,,,Data for: Acceptance lowers stress reactivity: Dismantling mindfulness training in a randomized controlled trial,Mendeley,bl.mendeley,10.17632/bx2gvkty4c.1,https://data.mendeley.com/datasets/bx2gvkty4c/1,2017,,Creative Commons Attribution 4.0 International cc-by-4.0 https://creativecommons.org/licenses/by/4.0/legalcode | info:eu-repo/semantics/openAccess,IsSupplementTo:DOI:10.1016/j.psyneuen.2017.09.015,Raw data (SPSS format with variable names and descriptions) that can be used to replicate analyses reported in article 'Acceptance lowers stress reactivity: Dismantling mindfulness training in a randomized controlled trial'.
